solute,bucket,property,property_label,output_file,rows,data_points,unique_systems,points_per_system_mean,points_per_system_median,points_per_system_p95,max_points_per_system,multi_point_systems,multi_point_system_ratio,condition_columns,condition_complete_rows,unique_condition_sets,source_count,value_min,value_p05,value_p25,value_median,value_mean,value_p75,value_p95,value_max,value_std,leakage_risk,recommended_split,recommended_test_systems
C,experiment,gas_solubility,x_gas_unitless,experiment/gas_solubility.csv,2074,2074,47,44.12765957446808,40.0,131.5999999999997,222,47,1.0,temperature_K; pressure_kPa,2074,1785,1,0.0001,0.0012664000000000004,0.011,0.0308,0.046563626325940216,0.069275,0.140335,0.428,0.04697334844154304,high,grouped_cross_validation,0
CC,experiment,gas_solubility,x_gas_unitless,experiment/gas_solubility.csv,561,561,20,28.05,14.5,103.75000000000001,118,20,1.0,temperature_K; pressure_kPa,561,516,1,0.0001,0.0015,0.0077,0.022,0.07334438502673797,0.0732,0.3678,0.423,0.11216440534046468,high,grouped_cross_validation,0
N,experiment,gas_solubility,x_gas_unitless,experiment/gas_solubility.csv,345,345,10,34.5,25.0,86.74999999999997,98,7,0.7,temperature_K; pressure_kPa,345,299,1,0.018,0.0664,0.251,0.414,0.4371020289855073,0.617,0.8456,0.963,0.24232696301007284,high,leave_one_system_out_or_descriptive_only,0
N#N,experiment,gas_solubility,x_gas_unitless,experiment/gas_solubility.csv,513,513,26,19.73076923076923,15.5,30.75,40,26,1.0,temperature_K; pressure_kPa,513,469,1,0.0002,0.0006,0.007,0.067,0.08135693567251462,0.112,0.23619999999999994,0.6187,0.09514333276686332,high,grouped_cross_validation,0
N#[N+][O-],experiment,gas_solubility,x_gas_unitless,experiment/gas_solubility.csv,533,533,22,24.227272727272727,10.0,88.99999999999999,102,22,1.0,temperature_K; pressure_kPa,533,529,1,0.0001,0.0040108,0.029,0.135,0.19981822701688556,0.311,0.644,0.781,0.1996587067203707,high,grouped_cross_validation,0
O=C=O,experiment,gas_solubility,x_gas_unitless,experiment/gas_solubility.csv,16636,16636,275,60.49454545454545,29.0,179.20000000000005,906,255,0.9272727272727272,temperature_K; pressure_kPa,16636,12874,2,6.48e-05,0.011,0.1009,0.2493948955,0.29792573163536906,0.4595,0.743425,0.9999,0.23168581867814123,high,system_holdout_test,28
O=O,experiment,gas_solubility,x_gas_unitless,experiment/gas_solubility.csv,826,826,31,26.64516129032258,17.0,89.5,129,31,1.0,temperature_K; pressure_kPa,826,612,1,0.0001,0.0003,0.0019,0.0099,0.04779013317191283,0.07,0.21375,0.3342,0.07073808679385506,high,grouped_cross_validation,0
O=S=O,experiment,gas_solubility,x_gas_unitless,experiment/gas_solubility.csv,326,326,18,18.11111111111111,9.0,54.24999999999998,67,18,1.0,temperature_K; pressure_kPa,326,240,1,0.001,0.091,0.22,0.423,0.42826865030674854,0.61575,0.8146249999999999,0.891,0.22918778451544009,high,leave_one_system_out_or_descriptive_only,0
S,experiment,gas_solubility,x_gas_unitless,experiment/gas_solubility.csv,1064,1064,22,48.36363636363637,43.0,86.64999999999999,122,22,1.0,temperature_K; pressure_kPa,1064,994,1,0.001,0.037,0.108,0.21284999999999998,0.2366593984962406,0.334,0.5295699999999999,0.875,0.15881022098643446,high,grouped_cross_validation,0
[HH],experiment,gas_solubility,x_gas_unitless,experiment/gas_solubility.csv,599,599,16,37.4375,28.0,114.5,119,16,1.0,temperature_K; pressure_kPa,599,599,1,8.2e-05,0.0005,0.0075,0.035,0.059907816360601,0.0612,0.13955000000000015,0.663,0.11456849448973812,high,leave_one_system_out_or_descriptive_only,0
