bucket,property_a,property_a_label,property_a_unique_systems,property_b,property_b_label,property_b_unique_systems,shared_systems,property_a_overlap_ratio,property_b_overlap_ratio
experiment,density,density_g/cm^3,5966,density,density_g/cm^3,5966,5966,1.0,1.0
experiment,density,density_g/cm^3,5966,dynamic_relative_permittivity,dynamic_relative_permittivity_unitless,49,48,0.008045591686221924,0.9795918367346939
experiment,density,density_g/cm^3,5966,electrical_conductivity,electrical_conductivity_S/m_log10,703,642,0.10760978880321824,0.9132290184921764
experiment,density,density_g/cm^3,5966,enthalpy_of_vaporization_or_sublimation,enthalpy_of_vaporization_or_sublimation_kJ/mol,137,119,0.019946362722091854,0.8686131386861314
experiment,density,density_g/cm^3,5966,equilibrium_pressure,pressure_kPa_log10,95,83,0.01391216895742541,0.8736842105263158
experiment,density,density_g/cm^3,5966,gas_solubility,x_gas_unitless,303,247,0.041401273885350316,0.8151815181518152
experiment,density,density_g/cm^3,5966,glass_transition_temperature,glass_transition_temperature_K,793,307,0.05145826349312772,0.3871374527112232
experiment,density,density_g/cm^3,5966,heat_capacity,heat_capacity_J/mol/K,352,295,0.04944686557157224,0.8380681818181818
experiment,density,density_g/cm^3,5966,melting_point,melting_point_K,3460,897,0.15035199463627222,0.2592485549132948
experiment,density,density_g/cm^3,5966,pec50,pEC50,305,157,0.02631578947368421,0.5147540983606558
experiment,density,density_g/cm^3,5966,refractive_index,refractive_index_unitless,726,606,0.10157559503855179,0.8347107438016529
experiment,density,density_g/cm^3,5966,self_diffusion_coefficient,self_diffusion_coefficient_10^-9*m^2/s_log10,36,36,0.006034193764666443,1.0
experiment,density,density_g/cm^3,5966,solvation,solvation_kcal/mol,74,70,0.011733154542406973,0.9459459459459459
experiment,density,density_g/cm^3,5966,speed_of_sound,speed_of_sound_m/s,216,215,0.0360375460945357,0.9953703703703703
experiment,density,density_g/cm^3,5966,static_relative_permittivity,static_relative_permittivity_unitless,44,42,0.007039892725444184,0.9545454545454546
experiment,density,density_g/cm^3,5966,surface_tension,surface_tension_mN/m,1141,1085,0.18186389540730807,0.950920245398773
experiment,density,density_g/cm^3,5966,thermal_conductivity,thermal_conductivity_W/m/K,93,86,0.014415018437814281,0.9247311827956989
experiment,density,density_g/cm^3,5966,thermal_decomposition_temperature,thermal_decomposition_temperature_K,2756,594,0.09956419711699631,0.2155297532656023
experiment,density,density_g/cm^3,5966,viscosity,viscosity_mPa*s_log10,2586,2269,0.3803218236674489,0.8774168600154679
experiment,density,density_g/cm^3,5966,water_activity_coefficient,water_activity_coefficient_unitless,167,148,0.0248072410325176,0.8862275449101796
experiment,dynamic_relative_permittivity,dynamic_relative_permittivity_unitless,49,density,density_g/cm^3,5966,48,0.9795918367346939,0.008045591686221924
experiment,dynamic_relative_permittivity,dynamic_relative_permittivity_unitless,49,dynamic_relative_permittivity,dynamic_relative_permittivity_unitless,49,49,1.0,1.0
experiment,dynamic_relative_permittivity,dynamic_relative_permittivity_unitless,49,electrical_conductivity,electrical_conductivity_S/m_log10,703,40,0.8163265306122449,0.05689900426742532
experiment,dynamic_relative_permittivity,dynamic_relative_permittivity_unitless,49,enthalpy_of_vaporization_or_sublimation,enthalpy_of_vaporization_or_sublimation_kJ/mol,137,19,0.3877551020408163,0.1386861313868613
experiment,dynamic_relative_permittivity,dynamic_relative_permittivity_unitless,49,equilibrium_pressure,pressure_kPa_log10,95,20,0.40816326530612246,0.21052631578947367
experiment,dynamic_relative_permittivity,dynamic_relative_permittivity_unitless,49,gas_solubility,x_gas_unitless,303,35,0.7142857142857143,0.11551155115511551
experiment,dynamic_relative_permittivity,dynamic_relative_permittivity_unitless,49,glass_transition_temperature,glass_transition_temperature_K,793,22,0.4489795918367347,0.027742749054224466
experiment,dynamic_relative_permittivity,dynamic_relative_permittivity_unitless,49,heat_capacity,heat_capacity_J/mol/K,352,31,0.6326530612244898,0.08806818181818182
experiment,dynamic_relative_permittivity,dynamic_relative_permittivity_unitless,49,melting_point,melting_point_K,3460,32,0.6530612244897959,0.009248554913294798
experiment,dynamic_relative_permittivity,dynamic_relative_permittivity_unitless,49,pec50,pEC50,305,19,0.3877551020408163,0.06229508196721312
experiment,dynamic_relative_permittivity,dynamic_relative_permittivity_unitless,49,refractive_index,refractive_index_unitless,726,38,0.7755102040816326,0.05234159779614325
experiment,dynamic_relative_permittivity,dynamic_relative_permittivity_unitless,49,self_diffusion_coefficient,self_diffusion_coefficient_10^-9*m^2/s_log10,36,9,0.1836734693877551,0.25
experiment,dynamic_relative_permittivity,dynamic_relative_permittivity_unitless,49,solvation,solvation_kcal/mol,74,14,0.2857142857142857,0.1891891891891892
experiment,dynamic_relative_permittivity,dynamic_relative_permittivity_unitless,49,speed_of_sound,speed_of_sound_m/s,216,31,0.6326530612244898,0.14351851851851852
experiment,dynamic_relative_permittivity,dynamic_relative_permittivity_unitless,49,static_relative_permittivity,static_relative_permittivity_unitless,44,20,0.40816326530612246,0.45454545454545453
experiment,dynamic_relative_permittivity,dynamic_relative_permittivity_unitless,49,surface_tension,surface_tension_mN/m,1141,40,0.8163265306122449,0.035056967572304996
experiment,dynamic_relative_permittivity,dynamic_relative_permittivity_unitless,49,thermal_conductivity,thermal_conductivity_W/m/K,93,28,0.5714285714285714,0.3010752688172043
experiment,dynamic_relative_permittivity,dynamic_relative_permittivity_unitless,49,thermal_decomposition_temperature,thermal_decomposition_temperature_K,2756,26,0.5306122448979592,0.009433962264150943
experiment,dynamic_relative_permittivity,dynamic_relative_permittivity_unitless,49,viscosity,viscosity_mPa*s_log10,2586,46,0.9387755102040817,0.017788089713843776
experiment,dynamic_relative_permittivity,dynamic_relative_permittivity_unitless,49,water_activity_coefficient,water_activity_coefficient_unitless,167,17,0.3469387755102041,0.10179640718562874
experiment,electrical_conductivity,electrical_conductivity_S/m_log10,703,density,density_g/cm^3,5966,642,0.9132290184921764,0.10760978880321824
experiment,electrical_conductivity,electrical_conductivity_S/m_log10,703,dynamic_relative_permittivity,dynamic_relative_permittivity_unitless,49,40,0.05689900426742532,0.8163265306122449
experiment,electrical_conductivity,electrical_conductivity_S/m_log10,703,electrical_conductivity,electrical_conductivity_S/m_log10,703,703,1.0,1.0
experiment,electrical_conductivity,electrical_conductivity_S/m_log10,703,enthalpy_of_vaporization_or_sublimation,enthalpy_of_vaporization_or_sublimation_kJ/mol,137,67,0.0953058321479374,0.48905109489051096
experiment,electrical_conductivity,electrical_conductivity_S/m_log10,703,equilibrium_pressure,pressure_kPa_log10,95,51,0.07254623044096728,0.5368421052631579
experiment,electrical_conductivity,electrical_conductivity_S/m_log10,703,gas_solubility,x_gas_unitless,303,117,0.16642958748221906,0.38613861386138615
experiment,electrical_conductivity,electrical_conductivity_S/m_log10,703,glass_transition_temperature,glass_transition_temperature_K,793,112,0.1593172119487909,0.14123581336696092
experiment,electrical_conductivity,electrical_conductivity_S/m_log10,703,heat_capacity,heat_capacity_J/mol/K,352,132,0.18776671408250356,0.375
experiment,electrical_conductivity,electrical_conductivity_S/m_log10,703,melting_point,melting_point_K,3460,260,0.36984352773826457,0.07514450867052024
experiment,electrical_conductivity,electrical_conductivity_S/m_log10,703,pec50,pEC50,305,78,0.11095305832147938,0.25573770491803277
experiment,electrical_conductivity,electrical_conductivity_S/m_log10,703,refractive_index,refractive_index_unitless,726,258,0.3669985775248933,0.35537190082644626
experiment,electrical_conductivity,electrical_conductivity_S/m_log10,703,self_diffusion_coefficient,self_diffusion_coefficient_10^-9*m^2/s_log10,36,31,0.044096728307254626,0.8611111111111112
experiment,electrical_conductivity,electrical_conductivity_S/m_log10,703,solvation,solvation_kcal/mol,74,40,0.05689900426742532,0.5405405405405406
experiment,electrical_conductivity,electrical_conductivity_S/m_log10,703,speed_of_sound,speed_of_sound_m/s,216,97,0.1379800853485064,0.44907407407407407
experiment,electrical_conductivity,electrical_conductivity_S/m_log10,703,static_relative_permittivity,static_relative_permittivity_unitless,44,33,0.04694167852062589,0.75
experiment,electrical_conductivity,electrical_conductivity_S/m_log10,703,surface_tension,surface_tension_mN/m,1141,263,0.3741109530583215,0.23049956178790534
experiment,electrical_conductivity,electrical_conductivity_S/m_log10,703,thermal_conductivity,thermal_conductivity_W/m/K,93,61,0.08677098150782361,0.6559139784946236
experiment,electrical_conductivity,electrical_conductivity_S/m_log10,703,thermal_decomposition_temperature,thermal_decomposition_temperature_K,2756,169,0.24039829302987198,0.06132075471698113
experiment,electrical_conductivity,electrical_conductivity_S/m_log10,703,viscosity,viscosity_mPa*s_log10,2586,619,0.8805120910384068,0.23936581593194123
experiment,electrical_conductivity,electrical_conductivity_S/m_log10,703,water_activity_coefficient,water_activity_coefficient_unitless,167,65,0.09246088193456614,0.38922155688622756
experiment,enthalpy_of_vaporization_or_sublimation,enthalpy_of_vaporization_or_sublimation_kJ/mol,137,density,density_g/cm^3,5966,119,0.8686131386861314,0.019946362722091854
experiment,enthalpy_of_vaporization_or_sublimation,enthalpy_of_vaporization_or_sublimation_kJ/mol,137,dynamic_relative_permittivity,dynamic_relative_permittivity_unitless,49,19,0.1386861313868613,0.3877551020408163
experiment,enthalpy_of_vaporization_or_sublimation,enthalpy_of_vaporization_or_sublimation_kJ/mol,137,electrical_conductivity,electrical_conductivity_S/m_log10,703,67,0.48905109489051096,0.0953058321479374
experiment,enthalpy_of_vaporization_or_sublimation,enthalpy_of_vaporization_or_sublimation_kJ/mol,137,enthalpy_of_vaporization_or_sublimation,enthalpy_of_vaporization_or_sublimation_kJ/mol,137,137,1.0,1.0
experiment,enthalpy_of_vaporization_or_sublimation,enthalpy_of_vaporization_or_sublimation_kJ/mol,137,equilibrium_pressure,pressure_kPa_log10,95,61,0.44525547445255476,0.6421052631578947
experiment,enthalpy_of_vaporization_or_sublimation,enthalpy_of_vaporization_or_sublimation_kJ/mol,137,gas_solubility,x_gas_unitless,303,67,0.48905109489051096,0.22112211221122113
experiment,enthalpy_of_vaporization_or_sublimation,enthalpy_of_vaporization_or_sublimation_kJ/mol,137,glass_transition_temperature,glass_transition_temperature_K,793,46,0.3357664233576642,0.058007566204287514
experiment,enthalpy_of_vaporization_or_sublimation,enthalpy_of_vaporization_or_sublimation_kJ/mol,137,heat_capacity,heat_capacity_J/mol/K,352,73,0.5328467153284672,0.20738636363636365
experiment,enthalpy_of_vaporization_or_sublimation,enthalpy_of_vaporization_or_sublimation_kJ/mol,137,melting_point,melting_point_K,3460,84,0.6131386861313869,0.024277456647398842
experiment,enthalpy_of_vaporization_or_sublimation,enthalpy_of_vaporization_or_sublimation_kJ/mol,137,pec50,pEC50,305,44,0.32116788321167883,0.14426229508196722
experiment,enthalpy_of_vaporization_or_sublimation,enthalpy_of_vaporization_or_sublimation_kJ/mol,137,refractive_index,refractive_index_unitless,726,73,0.5328467153284672,0.10055096418732783
experiment,enthalpy_of_vaporization_or_sublimation,enthalpy_of_vaporization_or_sublimation_kJ/mol,137,self_diffusion_coefficient,self_diffusion_coefficient_10^-9*m^2/s_log10,36,21,0.15328467153284672,0.5833333333333334
experiment,enthalpy_of_vaporization_or_sublimation,enthalpy_of_vaporization_or_sublimation_kJ/mol,137,solvation,solvation_kcal/mol,74,30,0.21897810218978103,0.40540540540540543
experiment,enthalpy_of_vaporization_or_sublimation,enthalpy_of_vaporization_or_sublimation_kJ/mol,137,speed_of_sound,speed_of_sound_m/s,216,44,0.32116788321167883,0.2037037037037037
experiment,enthalpy_of_vaporization_or_sublimation,enthalpy_of_vaporization_or_sublimation_kJ/mol,137,static_relative_permittivity,static_relative_permittivity_unitless,44,22,0.16058394160583941,0.5
experiment,enthalpy_of_vaporization_or_sublimation,enthalpy_of_vaporization_or_sublimation_kJ/mol,137,surface_tension,surface_tension_mN/m,1141,97,0.708029197080292,0.08501314636283962
experiment,enthalpy_of_vaporization_or_sublimation,enthalpy_of_vaporization_or_sublimation_kJ/mol,137,thermal_conductivity,thermal_conductivity_W/m/K,93,39,0.2846715328467153,0.41935483870967744
experiment,enthalpy_of_vaporization_or_sublimation,enthalpy_of_vaporization_or_sublimation_kJ/mol,137,thermal_decomposition_temperature,thermal_decomposition_temperature_K,2756,52,0.3795620437956204,0.018867924528301886
experiment,enthalpy_of_vaporization_or_sublimation,enthalpy_of_vaporization_or_sublimation_kJ/mol,137,viscosity,viscosity_mPa*s_log10,2586,108,0.7883211678832117,0.04176334106728538
experiment,enthalpy_of_vaporization_or_sublimation,enthalpy_of_vaporization_or_sublimation_kJ/mol,137,water_activity_coefficient,water_activity_coefficient_unitless,167,40,0.291970802919708,0.23952095808383234
experiment,equilibrium_pressure,pressure_kPa_log10,95,density,density_g/cm^3,5966,83,0.8736842105263158,0.01391216895742541
experiment,equilibrium_pressure,pressure_kPa_log10,95,dynamic_relative_permittivity,dynamic_relative_permittivity_unitless,49,20,0.21052631578947367,0.40816326530612246
experiment,equilibrium_pressure,pressure_kPa_log10,95,electrical_conductivity,electrical_conductivity_S/m_log10,703,51,0.5368421052631579,0.07254623044096728
experiment,equilibrium_pressure,pressure_kPa_log10,95,enthalpy_of_vaporization_or_sublimation,enthalpy_of_vaporization_or_sublimation_kJ/mol,137,61,0.6421052631578947,0.44525547445255476
experiment,equilibrium_pressure,pressure_kPa_log10,95,equilibrium_pressure,pressure_kPa_log10,95,95,1.0,1.0
experiment,equilibrium_pressure,pressure_kPa_log10,95,gas_solubility,x_gas_unitless,303,41,0.43157894736842106,0.1353135313531353
experiment,equilibrium_pressure,pressure_kPa_log10,95,glass_transition_temperature,glass_transition_temperature_K,793,33,0.3473684210526316,0.0416141235813367
experiment,equilibrium_pressure,pressure_kPa_log10,95,heat_capacity,heat_capacity_J/mol/K,352,53,0.5578947368421052,0.15056818181818182
experiment,equilibrium_pressure,pressure_kPa_log10,95,melting_point,melting_point_K,3460,55,0.5789473684210527,0.015895953757225433
experiment,equilibrium_pressure,pressure_kPa_log10,95,pec50,pEC50,305,33,0.3473684210526316,0.10819672131147541
experiment,equilibrium_pressure,pressure_kPa_log10,95,refractive_index,refractive_index_unitless,726,52,0.5473684210526316,0.07162534435261708
experiment,equilibrium_pressure,pressure_kPa_log10,95,self_diffusion_coefficient,self_diffusion_coefficient_10^-9*m^2/s_log10,36,19,0.2,0.5277777777777778
experiment,equilibrium_pressure,pressure_kPa_log10,95,solvation,solvation_kcal/mol,74,21,0.22105263157894736,0.28378378378378377
experiment,equilibrium_pressure,pressure_kPa_log10,95,speed_of_sound,speed_of_sound_m/s,216,34,0.35789473684210527,0.1574074074074074
experiment,equilibrium_pressure,pressure_kPa_log10,95,static_relative_permittivity,static_relative_permittivity_unitless,44,22,0.23157894736842105,0.5
experiment,equilibrium_pressure,pressure_kPa_log10,95,surface_tension,surface_tension_mN/m,1141,75,0.7894736842105263,0.06573181419807186
experiment,equilibrium_pressure,pressure_kPa_log10,95,thermal_conductivity,thermal_conductivity_W/m/K,93,30,0.3157894736842105,0.3225806451612903
experiment,equilibrium_pressure,pressure_kPa_log10,95,thermal_decomposition_temperature,thermal_decomposition_temperature_K,2756,40,0.42105263157894735,0.01451378809869376
experiment,equilibrium_pressure,pressure_kPa_log10,95,viscosity,viscosity_mPa*s_log10,2586,75,0.7894736842105263,0.029002320185614848
experiment,equilibrium_pressure,pressure_kPa_log10,95,water_activity_coefficient,water_activity_coefficient_unitless,167,34,0.35789473684210527,0.20359281437125748
experiment,gas_solubility,x_gas_unitless,303,density,density_g/cm^3,5966,247,0.8151815181518152,0.041401273885350316
experiment,gas_solubility,x_gas_unitless,303,dynamic_relative_permittivity,dynamic_relative_permittivity_unitless,49,35,0.11551155115511551,0.7142857142857143
experiment,gas_solubility,x_gas_unitless,303,electrical_conductivity,electrical_conductivity_S/m_log10,703,117,0.38613861386138615,0.16642958748221906
experiment,gas_solubility,x_gas_unitless,303,enthalpy_of_vaporization_or_sublimation,enthalpy_of_vaporization_or_sublimation_kJ/mol,137,67,0.22112211221122113,0.48905109489051096
experiment,gas_solubility,x_gas_unitless,303,equilibrium_pressure,pressure_kPa_log10,95,41,0.1353135313531353,0.43157894736842106
experiment,gas_solubility,x_gas_unitless,303,gas_solubility,x_gas_unitless,303,303,1.0,1.0
experiment,gas_solubility,x_gas_unitless,303,glass_transition_temperature,glass_transition_temperature_K,793,65,0.2145214521452145,0.08196721311475409
experiment,gas_solubility,x_gas_unitless,303,heat_capacity,heat_capacity_J/mol/K,352,96,0.31683168316831684,0.2727272727272727
experiment,gas_solubility,x_gas_unitless,303,melting_point,melting_point_K,3460,110,0.36303630363036304,0.031791907514450865
experiment,gas_solubility,x_gas_unitless,303,pec50,pEC50,305,57,0.18811881188118812,0.18688524590163935
experiment,gas_solubility,x_gas_unitless,303,refractive_index,refractive_index_unitless,726,135,0.44554455445544555,0.1859504132231405
experiment,gas_solubility,x_gas_unitless,303,self_diffusion_coefficient,self_diffusion_coefficient_10^-9*m^2/s_log10,36,23,0.07590759075907591,0.6388888888888888
experiment,gas_solubility,x_gas_unitless,303,solvation,solvation_kcal/mol,74,37,0.12211221122112212,0.5
experiment,gas_solubility,x_gas_unitless,303,speed_of_sound,speed_of_sound_m/s,216,69,0.22772277227722773,0.3194444444444444
experiment,gas_solubility,x_gas_unitless,303,static_relative_permittivity,static_relative_permittivity_unitless,44,27,0.0891089108910891,0.6136363636363636
experiment,gas_solubility,x_gas_unitless,303,surface_tension,surface_tension_mN/m,1141,133,0.4389438943894389,0.1165644171779141
experiment,gas_solubility,x_gas_unitless,303,thermal_conductivity,thermal_conductivity_W/m/K,93,51,0.16831683168316833,0.5483870967741935
experiment,gas_solubility,x_gas_unitless,303,thermal_decomposition_temperature,thermal_decomposition_temperature_K,2756,98,0.3234323432343234,0.03555878084179971
experiment,gas_solubility,x_gas_unitless,303,viscosity,viscosity_mPa*s_log10,2586,221,0.7293729372937293,0.08546017014694508
experiment,gas_solubility,x_gas_unitless,303,water_activity_coefficient,water_activity_coefficient_unitless,167,54,0.1782178217821782,0.32335329341317365
experiment,glass_transition_temperature,glass_transition_temperature_K,793,density,density_g/cm^3,5966,307,0.3871374527112232,0.05145826349312772
experiment,glass_transition_temperature,glass_transition_temperature_K,793,dynamic_relative_permittivity,dynamic_relative_permittivity_unitless,49,22,0.027742749054224466,0.4489795918367347
experiment,glass_transition_temperature,glass_transition_temperature_K,793,electrical_conductivity,electrical_conductivity_S/m_log10,703,112,0.14123581336696092,0.1593172119487909
experiment,glass_transition_temperature,glass_transition_temperature_K,793,enthalpy_of_vaporization_or_sublimation,enthalpy_of_vaporization_or_sublimation_kJ/mol,137,46,0.058007566204287514,0.3357664233576642
experiment,glass_transition_temperature,glass_transition_temperature_K,793,equilibrium_pressure,pressure_kPa_log10,95,33,0.0416141235813367,0.3473684210526316
experiment,glass_transition_temperature,glass_transition_temperature_K,793,gas_solubility,x_gas_unitless,303,65,0.08196721311475409,0.2145214521452145
experiment,glass_transition_temperature,glass_transition_temperature_K,793,glass_transition_temperature,glass_transition_temperature_K,793,793,1.0,1.0
experiment,glass_transition_temperature,glass_transition_temperature_K,793,heat_capacity,heat_capacity_J/mol/K,352,74,0.09331651954602774,0.21022727272727273
experiment,glass_transition_temperature,glass_transition_temperature_K,793,melting_point,melting_point_K,3460,240,0.3026481715006305,0.06936416184971098
experiment,glass_transition_temperature,glass_transition_temperature_K,793,pec50,pEC50,305,50,0.06305170239596469,0.16393442622950818
experiment,glass_transition_temperature,glass_transition_temperature_K,793,refractive_index,refractive_index_unitless,726,132,0.1664564943253468,0.18181818181818182
experiment,glass_transition_temperature,glass_transition_temperature_K,793,self_diffusion_coefficient,self_diffusion_coefficient_10^-9*m^2/s_log10,36,13,0.01639344262295082,0.3611111111111111
experiment,glass_transition_temperature,glass_transition_temperature_K,793,solvation,solvation_kcal/mol,74,24,0.03026481715006305,0.32432432432432434
experiment,glass_transition_temperature,glass_transition_temperature_K,793,speed_of_sound,speed_of_sound_m/s,216,50,0.06305170239596469,0.23148148148148148
experiment,glass_transition_temperature,glass_transition_temperature_K,793,static_relative_permittivity,static_relative_permittivity_unitless,44,27,0.034047919293820936,0.6136363636363636
experiment,glass_transition_temperature,glass_transition_temperature_K,793,surface_tension,surface_tension_mN/m,1141,140,0.17654476670870115,0.12269938650306748
experiment,glass_transition_temperature,glass_transition_temperature_K,793,thermal_conductivity,thermal_conductivity_W/m/K,93,36,0.04539722572509458,0.3870967741935484
experiment,glass_transition_temperature,glass_transition_temperature_K,793,thermal_decomposition_temperature,thermal_decomposition_temperature_K,2756,397,0.5006305170239597,0.14404934687953555
experiment,glass_transition_temperature,glass_transition_temperature_K,793,viscosity,viscosity_mPa*s_log10,2586,268,0.3379571248423707,0.10363495746326373
experiment,glass_transition_temperature,glass_transition_temperature_K,793,water_activity_coefficient,water_activity_coefficient_unitless,167,38,0.04791929382093316,0.2275449101796407
experiment,heat_capacity,heat_capacity_J/mol/K,352,density,density_g/cm^3,5966,295,0.8380681818181818,0.04944686557157224
experiment,heat_capacity,heat_capacity_J/mol/K,352,dynamic_relative_permittivity,dynamic_relative_permittivity_unitless,49,31,0.08806818181818182,0.6326530612244898
experiment,heat_capacity,heat_capacity_J/mol/K,352,electrical_conductivity,electrical_conductivity_S/m_log10,703,132,0.375,0.18776671408250356
experiment,heat_capacity,heat_capacity_J/mol/K,352,enthalpy_of_vaporization_or_sublimation,enthalpy_of_vaporization_or_sublimation_kJ/mol,137,73,0.20738636363636365,0.5328467153284672
experiment,heat_capacity,heat_capacity_J/mol/K,352,equilibrium_pressure,pressure_kPa_log10,95,53,0.15056818181818182,0.5578947368421052
experiment,heat_capacity,heat_capacity_J/mol/K,352,gas_solubility,x_gas_unitless,303,96,0.2727272727272727,0.31683168316831684
experiment,heat_capacity,heat_capacity_J/mol/K,352,glass_transition_temperature,glass_transition_temperature_K,793,74,0.21022727272727273,0.09331651954602774
experiment,heat_capacity,heat_capacity_J/mol/K,352,heat_capacity,heat_capacity_J/mol/K,352,352,1.0,1.0
experiment,heat_capacity,heat_capacity_J/mol/K,352,melting_point,melting_point_K,3460,149,0.42329545454545453,0.0430635838150289
experiment,heat_capacity,heat_capacity_J/mol/K,352,pec50,pEC50,305,65,0.1846590909090909,0.21311475409836064
experiment,heat_capacity,heat_capacity_J/mol/K,352,refractive_index,refractive_index_unitless,726,166,0.4715909090909091,0.22865013774104684
experiment,heat_capacity,heat_capacity_J/mol/K,352,self_diffusion_coefficient,self_diffusion_coefficient_10^-9*m^2/s_log10,36,21,0.05965909090909091,0.5833333333333334
experiment,heat_capacity,heat_capacity_J/mol/K,352,solvation,solvation_kcal/mol,74,33,0.09375,0.44594594594594594
experiment,heat_capacity,heat_capacity_J/mol/K,352,speed_of_sound,speed_of_sound_m/s,216,110,0.3125,0.5092592592592593
experiment,heat_capacity,heat_capacity_J/mol/K,352,static_relative_permittivity,static_relative_permittivity_unitless,44,32,0.09090909090909091,0.7272727272727273
experiment,heat_capacity,heat_capacity_J/mol/K,352,surface_tension,surface_tension_mN/m,1141,195,0.5539772727272727,0.17090271691498685
experiment,heat_capacity,heat_capacity_J/mol/K,352,thermal_conductivity,thermal_conductivity_W/m/K,93,72,0.20454545454545456,0.7741935483870968
experiment,heat_capacity,heat_capacity_J/mol/K,352,thermal_decomposition_temperature,thermal_decomposition_temperature_K,2756,108,0.3068181818181818,0.03918722786647315
experiment,heat_capacity,heat_capacity_J/mol/K,352,viscosity,viscosity_mPa*s_log10,2586,270,0.7670454545454546,0.10440835266821345
experiment,heat_capacity,heat_capacity_J/mol/K,352,water_activity_coefficient,water_activity_coefficient_unitless,167,66,0.1875,0.39520958083832336
experiment,melting_point,melting_point_K,3460,density,density_g/cm^3,5966,897,0.2592485549132948,0.15035199463627222
experiment,melting_point,melting_point_K,3460,dynamic_relative_permittivity,dynamic_relative_permittivity_unitless,49,32,0.009248554913294798,0.6530612244897959
experiment,melting_point,melting_point_K,3460,electrical_conductivity,electrical_conductivity_S/m_log10,703,260,0.07514450867052024,0.36984352773826457
experiment,melting_point,melting_point_K,3460,enthalpy_of_vaporization_or_sublimation,enthalpy_of_vaporization_or_sublimation_kJ/mol,137,84,0.024277456647398842,0.6131386861313869
experiment,melting_point,melting_point_K,3460,equilibrium_pressure,pressure_kPa_log10,95,55,0.015895953757225433,0.5789473684210527
experiment,melting_point,melting_point_K,3460,gas_solubility,x_gas_unitless,303,110,0.031791907514450865,0.36303630363036304
experiment,melting_point,melting_point_K,3460,glass_transition_temperature,glass_transition_temperature_K,793,240,0.06936416184971098,0.3026481715006305
experiment,melting_point,melting_point_K,3460,heat_capacity,heat_capacity_J/mol/K,352,149,0.0430635838150289,0.42329545454545453
experiment,melting_point,melting_point_K,3460,melting_point,melting_point_K,3460,3460,1.0,1.0
experiment,melting_point,melting_point_K,3460,pec50,pEC50,305,96,0.027745664739884393,0.31475409836065577
experiment,melting_point,melting_point_K,3460,refractive_index,refractive_index_unitless,726,211,0.06098265895953757,0.290633608815427
experiment,melting_point,melting_point_K,3460,self_diffusion_coefficient,self_diffusion_coefficient_10^-9*m^2/s_log10,36,27,0.007803468208092485,0.75
experiment,melting_point,melting_point_K,3460,solvation,solvation_kcal/mol,74,39,0.011271676300578034,0.527027027027027
experiment,melting_point,melting_point_K,3460,speed_of_sound,speed_of_sound_m/s,216,86,0.02485549132947977,0.39814814814814814
experiment,melting_point,melting_point_K,3460,static_relative_permittivity,static_relative_permittivity_unitless,44,35,0.010115606936416185,0.7954545454545454
experiment,melting_point,melting_point_K,3460,surface_tension,surface_tension_mN/m,1141,289,0.08352601156069364,0.2532865907099036
experiment,melting_point,melting_point_K,3460,thermal_conductivity,thermal_conductivity_W/m/K,93,48,0.013872832369942197,0.5161290322580645
experiment,melting_point,melting_point_K,3460,thermal_decomposition_temperature,thermal_decomposition_temperature_K,2756,793,0.22919075144508672,0.28773584905660377
experiment,melting_point,melting_point_K,3460,viscosity,viscosity_mPa*s_log10,2586,758,0.21907514450867052,0.29311678267594743
experiment,melting_point,melting_point_K,3460,water_activity_coefficient,water_activity_coefficient_unitless,167,85,0.024566473988439308,0.5089820359281437
experiment,pec50,pEC50,305,density,density_g/cm^3,5966,157,0.5147540983606558,0.02631578947368421
experiment,pec50,pEC50,305,dynamic_relative_permittivity,dynamic_relative_permittivity_unitless,49,19,0.06229508196721312,0.3877551020408163
experiment,pec50,pEC50,305,electrical_conductivity,electrical_conductivity_S/m_log10,703,78,0.25573770491803277,0.11095305832147938
experiment,pec50,pEC50,305,enthalpy_of_vaporization_or_sublimation,enthalpy_of_vaporization_or_sublimation_kJ/mol,137,44,0.14426229508196722,0.32116788321167883
experiment,pec50,pEC50,305,equilibrium_pressure,pressure_kPa_log10,95,33,0.10819672131147541,0.3473684210526316
experiment,pec50,pEC50,305,gas_solubility,x_gas_unitless,303,57,0.18688524590163935,0.18811881188118812
experiment,pec50,pEC50,305,glass_transition_temperature,glass_transition_temperature_K,793,50,0.16393442622950818,0.06305170239596469
experiment,pec50,pEC50,305,heat_capacity,heat_capacity_J/mol/K,352,65,0.21311475409836064,0.1846590909090909
experiment,pec50,pEC50,305,melting_point,melting_point_K,3460,96,0.31475409836065577,0.027745664739884393
experiment,pec50,pEC50,305,pec50,pEC50,305,305,1.0,1.0
experiment,pec50,pEC50,305,refractive_index,refractive_index_unitless,726,82,0.26885245901639343,0.11294765840220386
experiment,pec50,pEC50,305,self_diffusion_coefficient,self_diffusion_coefficient_10^-9*m^2/s_log10,36,15,0.04918032786885246,0.4166666666666667
experiment,pec50,pEC50,305,solvation,solvation_kcal/mol,74,23,0.07540983606557378,0.3108108108108108
experiment,pec50,pEC50,305,speed_of_sound,speed_of_sound_m/s,216,43,0.14098360655737704,0.19907407407407407
experiment,pec50,pEC50,305,static_relative_permittivity,static_relative_permittivity_unitless,44,19,0.06229508196721312,0.4318181818181818
experiment,pec50,pEC50,305,surface_tension,surface_tension_mN/m,1141,108,0.3540983606557377,0.09465381244522349
experiment,pec50,pEC50,305,thermal_conductivity,thermal_conductivity_W/m/K,93,30,0.09836065573770492,0.3225806451612903
experiment,pec50,pEC50,305,thermal_decomposition_temperature,thermal_decomposition_temperature_K,2756,67,0.21967213114754097,0.024310595065312045
experiment,pec50,pEC50,305,viscosity,viscosity_mPa*s_log10,2586,117,0.3836065573770492,0.04524361948955916
experiment,pec50,pEC50,305,water_activity_coefficient,water_activity_coefficient_unitless,167,47,0.1540983606557377,0.281437125748503
experiment,refractive_index,refractive_index_unitless,726,density,density_g/cm^3,5966,606,0.8347107438016529,0.10157559503855179
experiment,refractive_index,refractive_index_unitless,726,dynamic_relative_permittivity,dynamic_relative_permittivity_unitless,49,38,0.05234159779614325,0.7755102040816326
experiment,refractive_index,refractive_index_unitless,726,electrical_conductivity,electrical_conductivity_S/m_log10,703,258,0.35537190082644626,0.3669985775248933
experiment,refractive_index,refractive_index_unitless,726,enthalpy_of_vaporization_or_sublimation,enthalpy_of_vaporization_or_sublimation_kJ/mol,137,73,0.10055096418732783,0.5328467153284672
experiment,refractive_index,refractive_index_unitless,726,equilibrium_pressure,pressure_kPa_log10,95,52,0.07162534435261708,0.5473684210526316
experiment,refractive_index,refractive_index_unitless,726,gas_solubility,x_gas_unitless,303,135,0.1859504132231405,0.44554455445544555
experiment,refractive_index,refractive_index_unitless,726,glass_transition_temperature,glass_transition_temperature_K,793,132,0.18181818181818182,0.1664564943253468
experiment,refractive_index,refractive_index_unitless,726,heat_capacity,heat_capacity_J/mol/K,352,166,0.22865013774104684,0.4715909090909091
experiment,refractive_index,refractive_index_unitless,726,melting_point,melting_point_K,3460,211,0.290633608815427,0.06098265895953757
experiment,refractive_index,refractive_index_unitless,726,pec50,pEC50,305,82,0.11294765840220386,0.26885245901639343
experiment,refractive_index,refractive_index_unitless,726,refractive_index,refractive_index_unitless,726,726,1.0,1.0
experiment,refractive_index,refractive_index_unitless,726,self_diffusion_coefficient,self_diffusion_coefficient_10^-9*m^2/s_log10,36,25,0.03443526170798898,0.6944444444444444
experiment,refractive_index,refractive_index_unitless,726,solvation,solvation_kcal/mol,74,37,0.05096418732782369,0.5
experiment,refractive_index,refractive_index_unitless,726,speed_of_sound,speed_of_sound_m/s,216,186,0.256198347107438,0.8611111111111112
experiment,refractive_index,refractive_index_unitless,726,static_relative_permittivity,static_relative_permittivity_unitless,44,35,0.048209366391184574,0.7954545454545454
experiment,refractive_index,refractive_index_unitless,726,surface_tension,surface_tension_mN/m,1141,318,0.4380165289256198,0.2787028921998247
experiment,refractive_index,refractive_index_unitless,726,thermal_conductivity,thermal_conductivity_W/m/K,93,64,0.0881542699724518,0.6881720430107527
experiment,refractive_index,refractive_index_unitless,726,thermal_decomposition_temperature,thermal_decomposition_temperature_K,2756,163,0.22451790633608815,0.05914368650217707
experiment,refractive_index,refractive_index_unitless,726,viscosity,viscosity_mPa*s_log10,2586,546,0.7520661157024794,0.2111368909512761
experiment,refractive_index,refractive_index_unitless,726,water_activity_coefficient,water_activity_coefficient_unitless,167,79,0.10881542699724518,0.47305389221556887
experiment,self_diffusion_coefficient,self_diffusion_coefficient_10^-9*m^2/s_log10,36,density,density_g/cm^3,5966,36,1.0,0.006034193764666443
experiment,self_diffusion_coefficient,self_diffusion_coefficient_10^-9*m^2/s_log10,36,dynamic_relative_permittivity,dynamic_relative_permittivity_unitless,49,9,0.25,0.1836734693877551
experiment,self_diffusion_coefficient,self_diffusion_coefficient_10^-9*m^2/s_log10,36,electrical_conductivity,electrical_conductivity_S/m_log10,703,31,0.8611111111111112,0.044096728307254626
experiment,self_diffusion_coefficient,self_diffusion_coefficient_10^-9*m^2/s_log10,36,enthalpy_of_vaporization_or_sublimation,enthalpy_of_vaporization_or_sublimation_kJ/mol,137,21,0.5833333333333334,0.15328467153284672
experiment,self_diffusion_coefficient,self_diffusion_coefficient_10^-9*m^2/s_log10,36,equilibrium_pressure,pressure_kPa_log10,95,19,0.5277777777777778,0.2
experiment,self_diffusion_coefficient,self_diffusion_coefficient_10^-9*m^2/s_log10,36,gas_solubility,x_gas_unitless,303,23,0.6388888888888888,0.07590759075907591
experiment,self_diffusion_coefficient,self_diffusion_coefficient_10^-9*m^2/s_log10,36,glass_transition_temperature,glass_transition_temperature_K,793,13,0.3611111111111111,0.01639344262295082
experiment,self_diffusion_coefficient,self_diffusion_coefficient_10^-9*m^2/s_log10,36,heat_capacity,heat_capacity_J/mol/K,352,21,0.5833333333333334,0.05965909090909091
experiment,self_diffusion_coefficient,self_diffusion_coefficient_10^-9*m^2/s_log10,36,melting_point,melting_point_K,3460,27,0.75,0.007803468208092485
experiment,self_diffusion_coefficient,self_diffusion_coefficient_10^-9*m^2/s_log10,36,pec50,pEC50,305,15,0.4166666666666667,0.04918032786885246
experiment,self_diffusion_coefficient,self_diffusion_coefficient_10^-9*m^2/s_log10,36,refractive_index,refractive_index_unitless,726,25,0.6944444444444444,0.03443526170798898
experiment,self_diffusion_coefficient,self_diffusion_coefficient_10^-9*m^2/s_log10,36,self_diffusion_coefficient,self_diffusion_coefficient_10^-9*m^2/s_log10,36,36,1.0,1.0
experiment,self_diffusion_coefficient,self_diffusion_coefficient_10^-9*m^2/s_log10,36,solvation,solvation_kcal/mol,74,11,0.3055555555555556,0.14864864864864866
experiment,self_diffusion_coefficient,self_diffusion_coefficient_10^-9*m^2/s_log10,36,speed_of_sound,speed_of_sound_m/s,216,18,0.5,0.08333333333333333
experiment,self_diffusion_coefficient,self_diffusion_coefficient_10^-9*m^2/s_log10,36,static_relative_permittivity,static_relative_permittivity_unitless,44,12,0.3333333333333333,0.2727272727272727
experiment,self_diffusion_coefficient,self_diffusion_coefficient_10^-9*m^2/s_log10,36,surface_tension,surface_tension_mN/m,1141,30,0.8333333333333334,0.026292725679228746
experiment,self_diffusion_coefficient,self_diffusion_coefficient_10^-9*m^2/s_log10,36,thermal_conductivity,thermal_conductivity_W/m/K,93,20,0.5555555555555556,0.21505376344086022
experiment,self_diffusion_coefficient,self_diffusion_coefficient_10^-9*m^2/s_log10,36,thermal_decomposition_temperature,thermal_decomposition_temperature_K,2756,17,0.4722222222222222,0.006168359941944848
experiment,self_diffusion_coefficient,self_diffusion_coefficient_10^-9*m^2/s_log10,36,viscosity,viscosity_mPa*s_log10,2586,34,0.9444444444444444,0.013147718484145398
experiment,self_diffusion_coefficient,self_diffusion_coefficient_10^-9*m^2/s_log10,36,water_activity_coefficient,water_activity_coefficient_unitless,167,15,0.4166666666666667,0.08982035928143713
experiment,solvation,solvation_kcal/mol,74,density,density_g/cm^3,5966,70,0.9459459459459459,0.011733154542406973
experiment,solvation,solvation_kcal/mol,74,dynamic_relative_permittivity,dynamic_relative_permittivity_unitless,49,14,0.1891891891891892,0.2857142857142857
experiment,solvation,solvation_kcal/mol,74,electrical_conductivity,electrical_conductivity_S/m_log10,703,40,0.5405405405405406,0.05689900426742532
experiment,solvation,solvation_kcal/mol,74,enthalpy_of_vaporization_or_sublimation,enthalpy_of_vaporization_or_sublimation_kJ/mol,137,30,0.40540540540540543,0.21897810218978103
experiment,solvation,solvation_kcal/mol,74,equilibrium_pressure,pressure_kPa_log10,95,21,0.28378378378378377,0.22105263157894736
experiment,solvation,solvation_kcal/mol,74,gas_solubility,x_gas_unitless,303,37,0.5,0.12211221122112212
experiment,solvation,solvation_kcal/mol,74,glass_transition_temperature,glass_transition_temperature_K,793,24,0.32432432432432434,0.03026481715006305
experiment,solvation,solvation_kcal/mol,74,heat_capacity,heat_capacity_J/mol/K,352,33,0.44594594594594594,0.09375
experiment,solvation,solvation_kcal/mol,74,melting_point,melting_point_K,3460,39,0.527027027027027,0.011271676300578034
experiment,solvation,solvation_kcal/mol,74,pec50,pEC50,305,23,0.3108108108108108,0.07540983606557378
experiment,solvation,solvation_kcal/mol,74,refractive_index,refractive_index_unitless,726,37,0.5,0.05096418732782369
experiment,solvation,solvation_kcal/mol,74,self_diffusion_coefficient,self_diffusion_coefficient_10^-9*m^2/s_log10,36,11,0.14864864864864866,0.3055555555555556
experiment,solvation,solvation_kcal/mol,74,solvation,solvation_kcal/mol,74,74,1.0,1.0
experiment,solvation,solvation_kcal/mol,74,speed_of_sound,speed_of_sound_m/s,216,19,0.25675675675675674,0.08796296296296297
experiment,solvation,solvation_kcal/mol,74,static_relative_permittivity,static_relative_permittivity_unitless,44,13,0.17567567567567569,0.29545454545454547
experiment,solvation,solvation_kcal/mol,74,surface_tension,surface_tension_mN/m,1141,56,0.7567567567567568,0.049079754601226995
experiment,solvation,solvation_kcal/mol,74,thermal_conductivity,thermal_conductivity_W/m/K,93,19,0.25675675675675674,0.20430107526881722
experiment,solvation,solvation_kcal/mol,74,thermal_decomposition_temperature,thermal_decomposition_temperature_K,2756,31,0.4189189189189189,0.011248185776487663
experiment,solvation,solvation_kcal/mol,74,viscosity,viscosity_mPa*s_log10,2586,62,0.8378378378378378,0.02397525135344161
experiment,solvation,solvation_kcal/mol,74,water_activity_coefficient,water_activity_coefficient_unitless,167,40,0.5405405405405406,0.23952095808383234
experiment,speed_of_sound,speed_of_sound_m/s,216,density,density_g/cm^3,5966,215,0.9953703703703703,0.0360375460945357
experiment,speed_of_sound,speed_of_sound_m/s,216,dynamic_relative_permittivity,dynamic_relative_permittivity_unitless,49,31,0.14351851851851852,0.6326530612244898
experiment,speed_of_sound,speed_of_sound_m/s,216,electrical_conductivity,electrical_conductivity_S/m_log10,703,97,0.44907407407407407,0.1379800853485064
experiment,speed_of_sound,speed_of_sound_m/s,216,enthalpy_of_vaporization_or_sublimation,enthalpy_of_vaporization_or_sublimation_kJ/mol,137,44,0.2037037037037037,0.32116788321167883
experiment,speed_of_sound,speed_of_sound_m/s,216,equilibrium_pressure,pressure_kPa_log10,95,34,0.1574074074074074,0.35789473684210527
experiment,speed_of_sound,speed_of_sound_m/s,216,gas_solubility,x_gas_unitless,303,69,0.3194444444444444,0.22772277227722773
experiment,speed_of_sound,speed_of_sound_m/s,216,glass_transition_temperature,glass_transition_temperature_K,793,50,0.23148148148148148,0.06305170239596469
experiment,speed_of_sound,speed_of_sound_m/s,216,heat_capacity,heat_capacity_J/mol/K,352,110,0.5092592592592593,0.3125
experiment,speed_of_sound,speed_of_sound_m/s,216,melting_point,melting_point_K,3460,86,0.39814814814814814,0.02485549132947977
experiment,speed_of_sound,speed_of_sound_m/s,216,pec50,pEC50,305,43,0.19907407407407407,0.14098360655737704
experiment,speed_of_sound,speed_of_sound_m/s,216,refractive_index,refractive_index_unitless,726,186,0.8611111111111112,0.256198347107438
experiment,speed_of_sound,speed_of_sound_m/s,216,self_diffusion_coefficient,self_diffusion_coefficient_10^-9*m^2/s_log10,36,18,0.08333333333333333,0.5
experiment,speed_of_sound,speed_of_sound_m/s,216,solvation,solvation_kcal/mol,74,19,0.08796296296296297,0.25675675675675674
experiment,speed_of_sound,speed_of_sound_m/s,216,speed_of_sound,speed_of_sound_m/s,216,216,1.0,1.0
experiment,speed_of_sound,speed_of_sound_m/s,216,static_relative_permittivity,static_relative_permittivity_unitless,44,30,0.1388888888888889,0.6818181818181818
experiment,speed_of_sound,speed_of_sound_m/s,216,surface_tension,surface_tension_mN/m,1141,109,0.5046296296296297,0.09553023663453111
experiment,speed_of_sound,speed_of_sound_m/s,216,thermal_conductivity,thermal_conductivity_W/m/K,93,43,0.19907407407407407,0.46236559139784944
experiment,speed_of_sound,speed_of_sound_m/s,216,thermal_decomposition_temperature,thermal_decomposition_temperature_K,2756,57,0.2638888888888889,0.020682148040638608
experiment,speed_of_sound,speed_of_sound_m/s,216,viscosity,viscosity_mPa*s_log10,2586,189,0.875,0.07308584686774942
experiment,speed_of_sound,speed_of_sound_m/s,216,water_activity_coefficient,water_activity_coefficient_unitless,167,45,0.20833333333333334,0.2694610778443114
experiment,static_relative_permittivity,static_relative_permittivity_unitless,44,density,density_g/cm^3,5966,42,0.9545454545454546,0.007039892725444184
experiment,static_relative_permittivity,static_relative_permittivity_unitless,44,dynamic_relative_permittivity,dynamic_relative_permittivity_unitless,49,20,0.45454545454545453,0.40816326530612246
experiment,static_relative_permittivity,static_relative_permittivity_unitless,44,electrical_conductivity,electrical_conductivity_S/m_log10,703,33,0.75,0.04694167852062589
experiment,static_relative_permittivity,static_relative_permittivity_unitless,44,enthalpy_of_vaporization_or_sublimation,enthalpy_of_vaporization_or_sublimation_kJ/mol,137,22,0.5,0.16058394160583941
experiment,static_relative_permittivity,static_relative_permittivity_unitless,44,equilibrium_pressure,pressure_kPa_log10,95,22,0.5,0.23157894736842105
experiment,static_relative_permittivity,static_relative_permittivity_unitless,44,gas_solubility,x_gas_unitless,303,27,0.6136363636363636,0.0891089108910891
experiment,static_relative_permittivity,static_relative_permittivity_unitless,44,glass_transition_temperature,glass_transition_temperature_K,793,27,0.6136363636363636,0.034047919293820936
experiment,static_relative_permittivity,static_relative_permittivity_unitless,44,heat_capacity,heat_capacity_J/mol/K,352,32,0.7272727272727273,0.09090909090909091
experiment,static_relative_permittivity,static_relative_permittivity_unitless,44,melting_point,melting_point_K,3460,35,0.7954545454545454,0.010115606936416185
experiment,static_relative_permittivity,static_relative_permittivity_unitless,44,pec50,pEC50,305,19,0.4318181818181818,0.06229508196721312
experiment,static_relative_permittivity,static_relative_permittivity_unitless,44,refractive_index,refractive_index_unitless,726,35,0.7954545454545454,0.048209366391184574
experiment,static_relative_permittivity,static_relative_permittivity_unitless,44,self_diffusion_coefficient,self_diffusion_coefficient_10^-9*m^2/s_log10,36,12,0.2727272727272727,0.3333333333333333
experiment,static_relative_permittivity,static_relative_permittivity_unitless,44,solvation,solvation_kcal/mol,74,13,0.29545454545454547,0.17567567567567569
experiment,static_relative_permittivity,static_relative_permittivity_unitless,44,speed_of_sound,speed_of_sound_m/s,216,30,0.6818181818181818,0.1388888888888889
experiment,static_relative_permittivity,static_relative_permittivity_unitless,44,static_relative_permittivity,static_relative_permittivity_unitless,44,44,1.0,1.0
experiment,static_relative_permittivity,static_relative_permittivity_unitless,44,surface_tension,surface_tension_mN/m,1141,38,0.8636363636363636,0.033304119193689745
experiment,static_relative_permittivity,static_relative_permittivity_unitless,44,thermal_conductivity,thermal_conductivity_W/m/K,93,24,0.5454545454545454,0.25806451612903225
experiment,static_relative_permittivity,static_relative_permittivity_unitless,44,thermal_decomposition_temperature,thermal_decomposition_temperature_K,2756,25,0.5681818181818182,0.009071117561683599
experiment,static_relative_permittivity,static_relative_permittivity_unitless,44,viscosity,viscosity_mPa*s_log10,2586,38,0.8636363636363636,0.014694508894044857
experiment,static_relative_permittivity,static_relative_permittivity_unitless,44,water_activity_coefficient,water_activity_coefficient_unitless,167,20,0.45454545454545453,0.11976047904191617
experiment,surface_tension,surface_tension_mN/m,1141,density,density_g/cm^3,5966,1085,0.950920245398773,0.18186389540730807
experiment,surface_tension,surface_tension_mN/m,1141,dynamic_relative_permittivity,dynamic_relative_permittivity_unitless,49,40,0.035056967572304996,0.8163265306122449
experiment,surface_tension,surface_tension_mN/m,1141,electrical_conductivity,electrical_conductivity_S/m_log10,703,263,0.23049956178790534,0.3741109530583215
experiment,surface_tension,surface_tension_mN/m,1141,enthalpy_of_vaporization_or_sublimation,enthalpy_of_vaporization_or_sublimation_kJ/mol,137,97,0.08501314636283962,0.708029197080292
experiment,surface_tension,surface_tension_mN/m,1141,equilibrium_pressure,pressure_kPa_log10,95,75,0.06573181419807186,0.7894736842105263
experiment,surface_tension,surface_tension_mN/m,1141,gas_solubility,x_gas_unitless,303,133,0.1165644171779141,0.4389438943894389
experiment,surface_tension,surface_tension_mN/m,1141,glass_transition_temperature,glass_transition_temperature_K,793,140,0.12269938650306748,0.17654476670870115
experiment,surface_tension,surface_tension_mN/m,1141,heat_capacity,heat_capacity_J/mol/K,352,195,0.17090271691498685,0.5539772727272727
experiment,surface_tension,surface_tension_mN/m,1141,melting_point,melting_point_K,3460,289,0.2532865907099036,0.08352601156069364
experiment,surface_tension,surface_tension_mN/m,1141,pec50,pEC50,305,108,0.09465381244522349,0.3540983606557377
experiment,surface_tension,surface_tension_mN/m,1141,refractive_index,refractive_index_unitless,726,318,0.2787028921998247,0.4380165289256198
experiment,surface_tension,surface_tension_mN/m,1141,self_diffusion_coefficient,self_diffusion_coefficient_10^-9*m^2/s_log10,36,30,0.026292725679228746,0.8333333333333334
experiment,surface_tension,surface_tension_mN/m,1141,solvation,solvation_kcal/mol,74,56,0.049079754601226995,0.7567567567567568
experiment,surface_tension,surface_tension_mN/m,1141,speed_of_sound,speed_of_sound_m/s,216,109,0.09553023663453111,0.5046296296296297
experiment,surface_tension,surface_tension_mN/m,1141,static_relative_permittivity,static_relative_permittivity_unitless,44,38,0.033304119193689745,0.8636363636363636
experiment,surface_tension,surface_tension_mN/m,1141,surface_tension,surface_tension_mN/m,1141,1141,1.0,1.0
experiment,surface_tension,surface_tension_mN/m,1141,thermal_conductivity,thermal_conductivity_W/m/K,93,66,0.057843996494303246,0.7096774193548387
experiment,surface_tension,surface_tension_mN/m,1141,thermal_decomposition_temperature,thermal_decomposition_temperature_K,2756,180,0.15775635407537247,0.06531204644412192
experiment,surface_tension,surface_tension_mN/m,1141,viscosity,viscosity_mPa*s_log10,2586,592,0.5188431200701139,0.22892498066511988
experiment,surface_tension,surface_tension_mN/m,1141,water_activity_coefficient,water_activity_coefficient_unitless,167,102,0.08939526730937773,0.6107784431137725
experiment,thermal_conductivity,thermal_conductivity_W/m/K,93,density,density_g/cm^3,5966,86,0.9247311827956989,0.014415018437814281
experiment,thermal_conductivity,thermal_conductivity_W/m/K,93,dynamic_relative_permittivity,dynamic_relative_permittivity_unitless,49,28,0.3010752688172043,0.5714285714285714
experiment,thermal_conductivity,thermal_conductivity_W/m/K,93,electrical_conductivity,electrical_conductivity_S/m_log10,703,61,0.6559139784946236,0.08677098150782361
experiment,thermal_conductivity,thermal_conductivity_W/m/K,93,enthalpy_of_vaporization_or_sublimation,enthalpy_of_vaporization_or_sublimation_kJ/mol,137,39,0.41935483870967744,0.2846715328467153
experiment,thermal_conductivity,thermal_conductivity_W/m/K,93,equilibrium_pressure,pressure_kPa_log10,95,30,0.3225806451612903,0.3157894736842105
experiment,thermal_conductivity,thermal_conductivity_W/m/K,93,gas_solubility,x_gas_unitless,303,51,0.5483870967741935,0.16831683168316833
experiment,thermal_conductivity,thermal_conductivity_W/m/K,93,glass_transition_temperature,glass_transition_temperature_K,793,36,0.3870967741935484,0.04539722572509458
experiment,thermal_conductivity,thermal_conductivity_W/m/K,93,heat_capacity,heat_capacity_J/mol/K,352,72,0.7741935483870968,0.20454545454545456
experiment,thermal_conductivity,thermal_conductivity_W/m/K,93,melting_point,melting_point_K,3460,48,0.5161290322580645,0.013872832369942197
experiment,thermal_conductivity,thermal_conductivity_W/m/K,93,pec50,pEC50,305,30,0.3225806451612903,0.09836065573770492
experiment,thermal_conductivity,thermal_conductivity_W/m/K,93,refractive_index,refractive_index_unitless,726,64,0.6881720430107527,0.0881542699724518
experiment,thermal_conductivity,thermal_conductivity_W/m/K,93,self_diffusion_coefficient,self_diffusion_coefficient_10^-9*m^2/s_log10,36,20,0.21505376344086022,0.5555555555555556
experiment,thermal_conductivity,thermal_conductivity_W/m/K,93,solvation,solvation_kcal/mol,74,19,0.20430107526881722,0.25675675675675674
experiment,thermal_conductivity,thermal_conductivity_W/m/K,93,speed_of_sound,speed_of_sound_m/s,216,43,0.46236559139784944,0.19907407407407407
experiment,thermal_conductivity,thermal_conductivity_W/m/K,93,static_relative_permittivity,static_relative_permittivity_unitless,44,24,0.25806451612903225,0.5454545454545454
experiment,thermal_conductivity,thermal_conductivity_W/m/K,93,surface_tension,surface_tension_mN/m,1141,66,0.7096774193548387,0.057843996494303246
experiment,thermal_conductivity,thermal_conductivity_W/m/K,93,thermal_conductivity,thermal_conductivity_W/m/K,93,93,1.0,1.0
experiment,thermal_conductivity,thermal_conductivity_W/m/K,93,thermal_decomposition_temperature,thermal_decomposition_temperature_K,2756,45,0.4838709677419355,0.01632801161103048
experiment,thermal_conductivity,thermal_conductivity_W/m/K,93,viscosity,viscosity_mPa*s_log10,2586,85,0.9139784946236559,0.0328692962103635
experiment,thermal_conductivity,thermal_conductivity_W/m/K,93,water_activity_coefficient,water_activity_coefficient_unitless,167,30,0.3225806451612903,0.17964071856287425
experiment,thermal_decomposition_temperature,thermal_decomposition_temperature_K,2756,density,density_g/cm^3,5966,594,0.2155297532656023,0.09956419711699631
experiment,thermal_decomposition_temperature,thermal_decomposition_temperature_K,2756,dynamic_relative_permittivity,dynamic_relative_permittivity_unitless,49,26,0.009433962264150943,0.5306122448979592
experiment,thermal_decomposition_temperature,thermal_decomposition_temperature_K,2756,electrical_conductivity,electrical_conductivity_S/m_log10,703,169,0.06132075471698113,0.24039829302987198
experiment,thermal_decomposition_temperature,thermal_decomposition_temperature_K,2756,enthalpy_of_vaporization_or_sublimation,enthalpy_of_vaporization_or_sublimation_kJ/mol,137,52,0.018867924528301886,0.3795620437956204
experiment,thermal_decomposition_temperature,thermal_decomposition_temperature_K,2756,equilibrium_pressure,pressure_kPa_log10,95,40,0.01451378809869376,0.42105263157894735
experiment,thermal_decomposition_temperature,thermal_decomposition_temperature_K,2756,gas_solubility,x_gas_unitless,303,98,0.03555878084179971,0.3234323432343234
experiment,thermal_decomposition_temperature,thermal_decomposition_temperature_K,2756,glass_transition_temperature,glass_transition_temperature_K,793,397,0.14404934687953555,0.5006305170239597
experiment,thermal_decomposition_temperature,thermal_decomposition_temperature_K,2756,heat_capacity,heat_capacity_J/mol/K,352,108,0.03918722786647315,0.3068181818181818
experiment,thermal_decomposition_temperature,thermal_decomposition_temperature_K,2756,melting_point,melting_point_K,3460,793,0.28773584905660377,0.22919075144508672
experiment,thermal_decomposition_temperature,thermal_decomposition_temperature_K,2756,pec50,pEC50,305,67,0.024310595065312045,0.21967213114754097
experiment,thermal_decomposition_temperature,thermal_decomposition_temperature_K,2756,refractive_index,refractive_index_unitless,726,163,0.05914368650217707,0.22451790633608815
experiment,thermal_decomposition_temperature,thermal_decomposition_temperature_K,2756,self_diffusion_coefficient,self_diffusion_coefficient_10^-9*m^2/s_log10,36,17,0.006168359941944848,0.4722222222222222
experiment,thermal_decomposition_temperature,thermal_decomposition_temperature_K,2756,solvation,solvation_kcal/mol,74,31,0.011248185776487663,0.4189189189189189
experiment,thermal_decomposition_temperature,thermal_decomposition_temperature_K,2756,speed_of_sound,speed_of_sound_m/s,216,57,0.020682148040638608,0.2638888888888889
experiment,thermal_decomposition_temperature,thermal_decomposition_temperature_K,2756,static_relative_permittivity,static_relative_permittivity_unitless,44,25,0.009071117561683599,0.5681818181818182
experiment,thermal_decomposition_temperature,thermal_decomposition_temperature_K,2756,surface_tension,surface_tension_mN/m,1141,180,0.06531204644412192,0.15775635407537247
experiment,thermal_decomposition_temperature,thermal_decomposition_temperature_K,2756,thermal_conductivity,thermal_conductivity_W/m/K,93,45,0.01632801161103048,0.4838709677419355
experiment,thermal_decomposition_temperature,thermal_decomposition_temperature_K,2756,thermal_decomposition_temperature,thermal_decomposition_temperature_K,2756,2756,1.0,1.0
experiment,thermal_decomposition_temperature,thermal_decomposition_temperature_K,2756,viscosity,viscosity_mPa*s_log10,2586,496,0.1799709724238026,0.19180201082753287
experiment,thermal_decomposition_temperature,thermal_decomposition_temperature_K,2756,water_activity_coefficient,water_activity_coefficient_unitless,167,52,0.018867924528301886,0.31137724550898205
experiment,viscosity,viscosity_mPa*s_log10,2586,density,density_g/cm^3,5966,2269,0.8774168600154679,0.3803218236674489
experiment,viscosity,viscosity_mPa*s_log10,2586,dynamic_relative_permittivity,dynamic_relative_permittivity_unitless,49,46,0.017788089713843776,0.9387755102040817
experiment,viscosity,viscosity_mPa*s_log10,2586,electrical_conductivity,electrical_conductivity_S/m_log10,703,619,0.23936581593194123,0.8805120910384068
experiment,viscosity,viscosity_mPa*s_log10,2586,enthalpy_of_vaporization_or_sublimation,enthalpy_of_vaporization_or_sublimation_kJ/mol,137,108,0.04176334106728538,0.7883211678832117
experiment,viscosity,viscosity_mPa*s_log10,2586,equilibrium_pressure,pressure_kPa_log10,95,75,0.029002320185614848,0.7894736842105263
experiment,viscosity,viscosity_mPa*s_log10,2586,gas_solubility,x_gas_unitless,303,221,0.08546017014694508,0.7293729372937293
experiment,viscosity,viscosity_mPa*s_log10,2586,glass_transition_temperature,glass_transition_temperature_K,793,268,0.10363495746326373,0.3379571248423707
experiment,viscosity,viscosity_mPa*s_log10,2586,heat_capacity,heat_capacity_J/mol/K,352,270,0.10440835266821345,0.7670454545454546
experiment,viscosity,viscosity_mPa*s_log10,2586,melting_point,melting_point_K,3460,758,0.29311678267594743,0.21907514450867052
experiment,viscosity,viscosity_mPa*s_log10,2586,pec50,pEC50,305,117,0.04524361948955916,0.3836065573770492
experiment,viscosity,viscosity_mPa*s_log10,2586,refractive_index,refractive_index_unitless,726,546,0.2111368909512761,0.7520661157024794
experiment,viscosity,viscosity_mPa*s_log10,2586,self_diffusion_coefficient,self_diffusion_coefficient_10^-9*m^2/s_log10,36,34,0.013147718484145398,0.9444444444444444
experiment,viscosity,viscosity_mPa*s_log10,2586,solvation,solvation_kcal/mol,74,62,0.02397525135344161,0.8378378378378378
experiment,viscosity,viscosity_mPa*s_log10,2586,speed_of_sound,speed_of_sound_m/s,216,189,0.07308584686774942,0.875
experiment,viscosity,viscosity_mPa*s_log10,2586,static_relative_permittivity,static_relative_permittivity_unitless,44,38,0.014694508894044857,0.8636363636363636
experiment,viscosity,viscosity_mPa*s_log10,2586,surface_tension,surface_tension_mN/m,1141,592,0.22892498066511988,0.5188431200701139
experiment,viscosity,viscosity_mPa*s_log10,2586,thermal_conductivity,thermal_conductivity_W/m/K,93,85,0.0328692962103635,0.9139784946236559
experiment,viscosity,viscosity_mPa*s_log10,2586,thermal_decomposition_temperature,thermal_decomposition_temperature_K,2756,496,0.19180201082753287,0.1799709724238026
experiment,viscosity,viscosity_mPa*s_log10,2586,viscosity,viscosity_mPa*s_log10,2586,2586,1.0,1.0
experiment,viscosity,viscosity_mPa*s_log10,2586,water_activity_coefficient,water_activity_coefficient_unitless,167,120,0.04640371229698376,0.718562874251497
experiment,water_activity_coefficient,water_activity_coefficient_unitless,167,density,density_g/cm^3,5966,148,0.8862275449101796,0.0248072410325176
experiment,water_activity_coefficient,water_activity_coefficient_unitless,167,dynamic_relative_permittivity,dynamic_relative_permittivity_unitless,49,17,0.10179640718562874,0.3469387755102041
experiment,water_activity_coefficient,water_activity_coefficient_unitless,167,electrical_conductivity,electrical_conductivity_S/m_log10,703,65,0.38922155688622756,0.09246088193456614
experiment,water_activity_coefficient,water_activity_coefficient_unitless,167,enthalpy_of_vaporization_or_sublimation,enthalpy_of_vaporization_or_sublimation_kJ/mol,137,40,0.23952095808383234,0.291970802919708
experiment,water_activity_coefficient,water_activity_coefficient_unitless,167,equilibrium_pressure,pressure_kPa_log10,95,34,0.20359281437125748,0.35789473684210527
experiment,water_activity_coefficient,water_activity_coefficient_unitless,167,gas_solubility,x_gas_unitless,303,54,0.32335329341317365,0.1782178217821782
experiment,water_activity_coefficient,water_activity_coefficient_unitless,167,glass_transition_temperature,glass_transition_temperature_K,793,38,0.2275449101796407,0.04791929382093316
experiment,water_activity_coefficient,water_activity_coefficient_unitless,167,heat_capacity,heat_capacity_J/mol/K,352,66,0.39520958083832336,0.1875
experiment,water_activity_coefficient,water_activity_coefficient_unitless,167,melting_point,melting_point_K,3460,85,0.5089820359281437,0.024566473988439308
experiment,water_activity_coefficient,water_activity_coefficient_unitless,167,pec50,pEC50,305,47,0.281437125748503,0.1540983606557377
experiment,water_activity_coefficient,water_activity_coefficient_unitless,167,refractive_index,refractive_index_unitless,726,79,0.47305389221556887,0.10881542699724518
experiment,water_activity_coefficient,water_activity_coefficient_unitless,167,self_diffusion_coefficient,self_diffusion_coefficient_10^-9*m^2/s_log10,36,15,0.08982035928143713,0.4166666666666667
experiment,water_activity_coefficient,water_activity_coefficient_unitless,167,solvation,solvation_kcal/mol,74,40,0.23952095808383234,0.5405405405405406
experiment,water_activity_coefficient,water_activity_coefficient_unitless,167,speed_of_sound,speed_of_sound_m/s,216,45,0.2694610778443114,0.20833333333333334
experiment,water_activity_coefficient,water_activity_coefficient_unitless,167,static_relative_permittivity,static_relative_permittivity_unitless,44,20,0.11976047904191617,0.45454545454545453
experiment,water_activity_coefficient,water_activity_coefficient_unitless,167,surface_tension,surface_tension_mN/m,1141,102,0.6107784431137725,0.08939526730937773
experiment,water_activity_coefficient,water_activity_coefficient_unitless,167,thermal_conductivity,thermal_conductivity_W/m/K,93,30,0.17964071856287425,0.3225806451612903
experiment,water_activity_coefficient,water_activity_coefficient_unitless,167,thermal_decomposition_temperature,thermal_decomposition_temperature_K,2756,52,0.31137724550898205,0.018867924528301886
experiment,water_activity_coefficient,water_activity_coefficient_unitless,167,viscosity,viscosity_mPa*s_log10,2586,120,0.718562874251497,0.04640371229698376
experiment,water_activity_coefficient,water_activity_coefficient_unitless,167,water_activity_coefficient,water_activity_coefficient_unitless,167,167,1.0,1.0
